Female-White-Graduated-Postdoc-Fellowship,1
Female-White-Graduated-Postdoc-Postdoc,4
Female-WhiteLatinoorHispanicIndigenousFirstPeoples-Graduated-Fellowship-Fellowship,1
Female-White-Graduated-EducationOutreachField-EducationOutreachField,1
Female-White-Student,2
Female-WhiteOther-Graduated-Postdoc,1
Male-BlackCaribbeanorAfricanLatinoorHispanic-Graduated-Research/TechnicalStaff-Industry,1
Male-LatinoHispanic-Graduated-Postdoc-Postdoc,1
Male-White-Graduated-Postdoc-Postdoc,3
Male-White-Graduated-Postdoc-Research/TechnicalStaff,1
Male-White-Student,1
Male-SouthAsian-Graduated-Postdoc-Postdoc,1
Male-SouthAsian-Student,1
Male-White-Graduated-Postdoc,3
PreferNotToSay-PreferNotToSay-Graduated-Postdoc,1
